{
  "q1": {
    "acc": 0.5,
    "perfect": 0.5,
    "rouge1": {
      "precision": 1.0,
      "recall": 1.0,
      "fscore": 1.0
    },
    "rouge2": {
      "precision": 0.875,
      "recall": 0.875,
      "fscore": 0.875
    },
    "rougeL": {
      "precision": 0.861111111111111,
      "recall": 0.861111111111111,
      "fscore": 0.861111111111111
    },
    "bleurt": 0.8911631256341934,
    "gpt": "A  \nA"
  },
  "q2": {
    "acc": 0.5,
    "perfect": 0.5,
    "rouge1": {
      "precision": 1.0,
      "recall": 1.0,
      "fscore": 1.0
    },
    "rouge2": {
      "precision": 0.875,
      "recall": 0.875,
      "fscore": 0.875
    },
    "rougeL": {
      "precision": 0.861111111111111,
      "recall": 0.861111111111111,
      "fscore": 0.861111111111111
    },
    "bleurt": 0.8911631256341934,
    "gpt": "A  \nA"
  },
  "q3": {
    "acc": 0.5,
    "perfect": 0.5,
    "rouge1": {
      "precision": 1.0,
      "recall": 1.0,
      "fscore": 1.0
    },
    "rouge2": {
      "precision": 0.875,
      "recall": 0.875,
      "fscore": 0.875
    },
    "rougeL": {
      "precision": 0.861111111111111,
      "recall": 0.861111111111111,
      "fscore": 0.861111111111111
    },
    "bleurt": 0.8911631256341934,
    "gpt": "A  \nA"
  },
  "q4": {
    "acc": 0.5,
    "perfect": 0.5,
    "rouge1": {
      "precision": 1.0,
      "recall": 1.0,
      "fscore": 1.0
    },
    "rouge2": {
      "precision": 0.875,
      "recall": 0.875,
      "fscore": 0.875
    },
    "rougeL": {
      "precision": 0.861111111111111,
      "recall": 0.861111111111111,
      "fscore": 0.861111111111111
    },
    "bleurt": 0.8911631256341934,
    "gpt": "A  \nA"
  }
}
